{
  "name": "UPI Info Lookup Bot",
  "description": "A bot that extracts information from UPI IDs to track scammers",
  "author": "NinjaTech AI",
  "commands": [
    {
      "command": "/start",
      "help": "Start the bot",
      "description": "Welcome message and bot introduction",
      "aliases": ["start", "hello", "hi"]
    },
    {
      "command": "/help",
      "help": "Show help information",
      "description": "List all available commands",
      "aliases": ["help", "commands", "?"]
    },
    {
      "command": "/upiinfo",
      "help": "/upiinfo [UPI ID] - Get information about a UPI ID",
      "description": "Extract information from a UPI ID",
      "aliases": ["upiinfo", "lookup", "info"]
    },
    {
      "command": "/history",
      "help": "Show recent UPI lookup history",
      "description": "Display recent UPI ID lookups",
      "aliases": ["history", "recent"]
    },
    {
      "command": "/about",
      "help": "About this bot",
      "description": "Information about the UPI Info Lookup Bot",
      "aliases": ["about", "info"]
    }
  ]
}